station,parameter,first_sample,last_sample,n_obs,site_type,sub_site_type
10,alkalinity_mglCaCO3,1993-06-03,2000-10-01,52,lake,cove
10,chloride_mgl,2020-06-15,2021-06-08,2,lake,cove
10,chlorophyll_a_ugl,1991-06-28,2022-09-20,143,lake,cove
10,hydrogenDissolved_moll,1986-07-03,2022-09-20,173,lake,cove
10,phosphorusTotal_mgl,1986-07-03,2022-09-20,169,lake,cove
10,secchiDepth_m,1991-06-28,2022-09-20,143,lake,cove
10,specificConductance_uScm,1986-07-03,2022-09-20,170,lake,cove
10,turbidity_NTU,1993-06-03,2022-09-20,147,lake,cove
100,alkalinity_mglCaCO3,1993-05-30,2000-09-10,40,lake,cove
100,chlorophyll_a_ugl,1986-07-03,2003-06-15,58,lake,cove
100,hydrogenDissolved_moll,1986-07-03,2003-06-15,77,lake,cove
100,oxygenDissolvedPercentOfSaturation_pct,2001-08-21,2001-09-17,28,lake,cove
100,oxygenDissolved_mgl,2001-08-21,2001-09-17,28,lake,cove
100,phosphorusTotal_mgl,1986-07-03,2003-06-15,66,lake,cove
100,secchiDepth_m,1986-07-03,2003-06-15,58,lake,cove
100,specificConductance_uScm,1986-07-03,2003-06-15,73,lake,cove
100,turbidity_NTU,1993-05-30,2003-06-15,52,lake,cove
100,waterTemperature_degC,2001-08-21,2001-09-17,28,lake,cove
100.1,chloride_mgl,2020-09-15,2021-06-08,2,lake,cove
100.1,chlorophyll_a_ugl,2003-07-14,2022-09-18,57,lake,cove
100.1,hydrogenDissolved_moll,2003-07-14,2022-09-18,59,lake,cove
100.1,phosphorusTotal_mgl,2003-07-14,2022-09-18,58,lake,cove
100.1,secchiDepth_m,2003-07-14,2022-09-18,57,lake,cove
100.1,specificConductance_uScm,2003-07-14,2022-09-18,59,lake,cove
100.1,turbidity_NTU,2003-07-14,2022-09-18,59,lake,cove
1005,hydrogenDissolved_moll,1994-04-07,2000-08-07,21,tributary,
1005,phosphorusTotal_mgl,1994-04-07,2000-08-07,21,tributary,
1005,specificConductance_uScm,1994-04-07,2000-08-07,21,tributary,
1005,turbidity_NTU,1994-04-07,2000-08-07,21,tributary,
1010,hydrogenDissolved_moll,1995-03-15,2000-08-07,18,tributary,
1010,phosphorusTotal_mgl,1995-03-15,2000-08-07,18,tributary,
1010,specificConductance_uScm,1995-03-15,2000-08-07,18,tributary,
1010,turbidity_NTU,1995-03-15,2000-08-07,18,tributary,
110,alkalinity_mglCaCO3,1993-06-03,2000-10-01,53,lake,cove
110,chloride_mgl,2020-09-15,2021-06-08,2,lake,cove
110,chlorophyll_a_ugl,1986-07-03,2022-09-26,169,lake,cove
110,hydrogenDissolved_moll,1986-07-03,2022-09-26,184,lake,cove
110,phosphorusTotal_mgl,1986-07-03,2022-09-26,174,lake,cove
110,secchiDepth_m,1986-07-03,2022-09-26,169,lake,cove
110,specificConductance_uScm,1986-07-03,2022-09-26,183,lake,cove
110,turbidity_NTU,1993-06-03,2022-09-26,161,lake,cove
1105,hydrogenDissolved_moll,1994-04-06,2000-09-14,51,tributary,
1105,phosphorusTotal_mgl,1994-04-06,2000-09-14,50,tributary,
1105,specificConductance_uScm,1994-04-06,2000-09-14,51,tributary,
1105,turbidity_NTU,1994-04-06,2000-09-14,51,tributary,
1115,chloride_mgl,2020-05-27,2022-09-27,15,tributary,
1115,color_PCU,2022-05-24,2022-09-27,5,tributary,
1115,hydrogenDissolved_moll,1994-04-06,2022-09-27,220,tributary,
1115,phosphorusTotal_mgl,1994-04-06,2022-09-27,232,tributary,
1115,specificConductance_uScm,1994-04-06,2022-09-27,234,tributary,
1115,turbidity_NTU,1994-04-06,2022-09-27,234,tributary,
1200,hydrogenDissolved_moll,1994-07-15,1995-04-05,3,tributary,
1200,phosphorusTotal_mgl,1994-07-15,1995-04-05,3,tributary,
1200,specificConductance_uScm,1994-07-15,1995-04-05,3,tributary,
1200,turbidity_NTU,1994-07-15,1995-04-05,3,tributary,
1205,chloride_mgl,2021-04-27,2022-09-26,3,tributary,
1205,color_PCU,2021-04-27,2022-09-26,2,tributary,
1205,hydrogenDissolved_moll,2021-04-27,2022-09-26,3,tributary,
1205,phosphorusTotal_mgl,2021-04-27,2022-09-26,3,tributary,
1205,specificConductance_uScm,2021-04-27,2022-09-26,3,tributary,
1205,turbidity_NTU,2021-04-27,2022-09-26,3,tributary,
1300,hydrogenDissolved_moll,1994-07-15,1995-04-05,3,tributary,
1300,phosphorusTotal_mgl,1994-07-15,1995-04-05,3,tributary,
1300,specificConductance_uScm,1994-07-15,1995-04-05,3,tributary,
1300,turbidity_NTU,1994-07-15,1995-04-05,3,tributary,
1305,chloride_mgl,2020-05-27,2022-09-26,4,tributary,
1305,color_PCU,2021-04-27,2022-09-26,2,tributary,
1305,hydrogenDissolved_moll,2020-05-27,2022-09-26,4,tributary,
1305,phosphorusTotal_mgl,2020-05-27,2022-09-26,4,tributary,
1305,specificConductance_uScm,2020-05-27,2022-09-26,4,tributary,
1305,turbidity_NTU,2020-05-27,2022-09-26,4,tributary,
1405,hydrogenDissolved_moll,1994-04-06,2000-10-11,65,tributary,
1405,phosphorusTotal_mgl,1994-04-06,2000-10-11,68,tributary,
1405,specificConductance_uScm,1994-04-06,2000-10-11,68,tributary,
1405,turbidity_NTU,1994-04-06,2000-10-11,68,tributary,
1410,hydrogenDissolved_moll,1994-04-06,2010-08-31,122,tributary,
1410,phosphorusTotal_mgl,1994-04-06,2010-08-31,133,tributary,
1410,specificConductance_uScm,1994-04-06,2010-08-31,133,tributary,
1410,turbidity_NTU,1994-04-06,2010-08-31,132,tributary,
1410.1,hydrogenDissolved_moll,1995-04-25,1995-10-25,9,tributary,
1410.1,phosphorusTotal_mgl,1995-04-25,1995-10-25,8,tributary,
1410.1,specificConductance_uScm,1995-04-25,1995-10-25,9,tributary,
1410.1,turbidity_NTU,1995-04-25,1995-10-25,9,tributary,
1410.5,chloride_mgl,2020-05-26,2022-09-26,16,tributary,
1410.5,color_PCU,2022-06-22,2022-09-26,5,tributary,
1410.5,hydrogenDissolved_moll,1997-05-27,2022-09-26,112,tributary,
1410.5,phosphorusTotal_mgl,1997-05-27,2022-09-26,113,tributary,
1410.5,specificConductance_uScm,1997-05-27,2022-09-26,117,tributary,
1410.5,turbidity_NTU,1997-05-27,2022-09-26,115,tributary,
1415,chloride_mgl,2020-05-26,2021-09-28,8,tributary,
1415,hydrogenDissolved_moll,1994-04-06,2021-09-28,152,tributary,
1415,phosphorusTotal_mgl,1994-04-06,2021-09-28,152,tributary,
1415,specificConductance_uScm,1994-04-06,2021-09-28,156,tributary,
1415,turbidity_NTU,1994-04-06,2021-09-28,154,tributary,
1415.1,hydrogenDissolved_moll,1996-04-16,1996-10-20,3,tributary,
1415.1,phosphorusTotal_mgl,1996-04-16,1996-10-20,3,tributary,
1415.1,specificConductance_uScm,1996-04-16,1996-10-20,3,tributary,
1415.1,turbidity_NTU,1996-04-16,1996-10-20,3,tributary,
1415.2,hydrogenDissolved_moll,1996-04-16,1996-10-20,3,tributary,
1415.2,phosphorusTotal_mgl,1996-04-16,1996-10-20,3,tributary,
1415.2,specificConductance_uScm,1996-04-16,1996-10-20,3,tributary,
1415.2,turbidity_NTU,1996-04-16,1996-10-20,3,tributary,
1415.3,hydrogenDissolved_moll,1996-04-16,1996-10-20,3,tributary,
1415.3,phosphorusTotal_mgl,1996-04-16,1996-10-20,3,tributary,
1415.3,specificConductance_uScm,1996-04-16,1996-10-20,3,tributary,
1415.3,turbidity_NTU,1996-04-16,1996-10-20,3,tributary,
1415.4,hydrogenDissolved_moll,1996-04-19,1996-05-11,2,tributary,
1415.4,phosphorusTotal_mgl,1996-04-19,1996-05-11,2,tributary,
1415.4,specificConductance_uScm,1996-04-19,1996-05-11,2,tributary,
1415.4,turbidity_NTU,1996-04-19,1996-05-11,2,tributary,
1415.5,hydrogenDissolved_moll,1996-04-19,1996-10-20,3,tributary,
1415.5,phosphorusTotal_mgl,1996-04-19,1996-10-20,3,tributary,
1415.5,specificConductance_uScm,1996-04-19,1996-10-20,3,tributary,
1415.5,turbidity_NTU,1996-04-19,1996-10-20,3,tributary,
1416,hydrogenDissolved_moll,1996-04-19,1996-04-19,1,tributary,
1416,phosphorusTotal_mgl,1996-04-19,1996-04-19,1,tributary,
1416,specificConductance_uScm,1996-04-19,1996-04-19,1,tributary,
1416,turbidity_NTU,1996-04-19,1996-04-19,1,tributary,
1417,hydrogenDissolved_moll,2004-05-10,2010-05-04,30,tributary,
1417,phosphorusTotal_mgl,2002-05-19,2010-05-04,37,tributary,
1417,specificConductance_uScm,2002-05-19,2010-05-04,37,tributary,
1417,turbidity_NTU,2002-05-19,2010-05-04,36,tributary,
1418,chloride_mgl,2020-05-26,2022-09-26,12,tributary,
1418,color_PCU,2022-06-22,2022-09-26,4,tributary,
1418,hydrogenDissolved_moll,2004-05-10,2022-09-26,92,tributary,
1418,phosphorusTotal_mgl,2002-05-19,2022-09-26,100,tributary,
1418,specificConductance_uScm,2002-05-19,2022-09-26,100,tributary,
1418,turbidity_NTU,2002-05-19,2022-09-26,99,tributary,
1420,chloride_mgl,2020-05-26,2022-09-26,13,tributary,
1420,color_PCU,2022-06-22,2022-09-26,4,tributary,
1420,hydrogenDissolved_moll,1994-04-07,2022-09-26,189,tributary,
1420,phosphorusTotal_mgl,1994-04-07,2022-09-26,205,tributary,
1420,specificConductance_uScm,1994-04-07,2022-09-26,205,tributary,
1420,turbidity_NTU,1994-04-07,2022-09-26,204,tributary,
1500,hydrogenDissolved_moll,1994-04-06,1994-05-04,6,tributary,
1500,phosphorusTotal_mgl,1994-04-06,1994-05-04,6,tributary,
1500,specificConductance_uScm,1994-04-06,1994-05-04,6,tributary,
1500,turbidity_NTU,1994-04-06,1994-05-04,6,tributary,
1605,hydrogenDissolved_moll,1994-04-06,2000-10-09,93,tributary,
1605,phosphorusTotal_mgl,1994-04-06,2000-10-09,90,tributary,
1605,specificConductance_uScm,1994-04-06,2000-10-09,94,tributary,
1605,turbidity_NTU,1994-04-06,2000-10-09,94,tributary,
1610,hydrogenDissolved_moll,1994-04-07,2000-10-09,84,tributary,
1610,phosphorusTotal_mgl,1994-04-07,2000-10-09,82,tributary,
1610,specificConductance_uScm,1994-04-07,2000-10-09,84,tributary,
1610,turbidity_NTU,1994-04-07,2000-10-09,84,tributary,
1612,hydrogenDissolved_moll,1994-04-06,2000-10-09,91,tributary,
1612,phosphorusTotal_mgl,1994-04-06,2000-10-09,87,tributary,
1612,specificConductance_uScm,1994-04-06,2000-10-09,92,tributary,
1612,turbidity_NTU,1994-04-06,2000-10-09,91,tributary,
1615,hydrogenDissolved_moll,1994-04-06,1995-11-17,29,tributary,
1615,phosphorusTotal_mgl,1994-04-06,1995-11-17,29,tributary,
1615,specificConductance_uScm,1994-04-06,1995-11-17,29,tributary,
1615,turbidity_NTU,1994-04-06,1995-11-17,28,tributary,
1700,chlorophyllFluorescence_RFU,2021-08-24,2021-08-24,18,tributary,
1700,chlorophyllFluorescence_ugl,2021-08-24,2021-08-24,18,tributary,
1700,oxygenDissolvedPercentOfSaturation_pct,2021-08-24,2021-08-24,17,tributary,
1700,oxygenDissolved_mgl,2021-08-24,2021-08-24,17,tributary,
1700,specificConductance_uScm,2021-08-24,2021-08-24,17,tributary,
1700,turbidity_NTU,2021-08-24,2021-08-24,17,tributary,
1700,waterTemperature_degC,2021-08-24,2021-08-24,17,tributary,
1720,chloride_mgl,2020-06-09,2022-07-26,7,tributary,
1720,color_PCU,2022-07-26,2022-07-26,1,tributary,
1720,hydrogenDissolved_moll,2020-06-09,2022-07-26,7,tributary,
1720,phosphorusTotal_mgl,2020-06-09,2022-07-26,7,tributary,
1720,specificConductance_uScm,2020-06-09,2022-07-26,7,tributary,
1720,turbidity_NTU,2020-06-09,2022-07-26,7,tributary,
1730,chloride_mgl,2022-08-01,2022-08-01,1,tributary,
1730,color_PCU,2022-08-01,2022-08-01,1,tributary,
1730,hydrogenDissolved_moll,2022-08-01,2022-08-01,1,tributary,
1730,phosphorusTotal_mgl,2022-08-01,2022-08-01,1,tributary,
1730,specificConductance_uScm,2022-08-01,2022-08-01,1,tributary,
1730,turbidity_NTU,2022-08-01,2022-08-01,1,tributary,
1800,chloride_mgl,2022-05-30,2022-07-26,2,tributary,
1800,color_PCU,2022-07-26,2022-07-26,1,tributary,
1800,hydrogenDissolved_moll,2021-10-04,2022-07-26,3,tributary,
1800,phosphorusTotal_mgl,2021-10-04,2022-07-26,3,tributary,
1800,specificConductance_uScm,2021-10-04,2022-07-26,3,tributary,
1800,turbidity_NTU,2021-10-04,2022-07-26,3,tributary,
20,alkalinity_mglCaCO3,1993-05-16,2000-08-23,35,lake,cove
20,chloride_mgl,2020-09-15,2021-06-07,2,lake,cove
20,chlorophyll_a_ugl,1986-07-03,2022-09-20,205,lake,cove
20,hydrogenDissolved_moll,1986-07-03,2022-09-20,152,lake,cove
20,phosphorusTotal_mgl,1986-07-03,2022-09-20,150,lake,cove
20,secchiDepth_m,1986-07-03,2022-09-20,205,lake,cove
20,specificConductance_uScm,1986-07-03,2022-09-20,150,lake,cove
20,turbidity_NTU,1993-05-16,2022-09-20,126,lake,cove
200,alkalinity_mglCaCO3,1993-05-30,2022-08-08,144,lake,deep
200,chloride_mgl,2021-06-08,2022-08-08,9,lake,deep
200,chlorophyllFluorescence_RFU,2022-06-07,2022-08-08,39,lake,deep
200,chlorophyllFluorescence_ugl,2022-06-07,2022-08-08,39,lake,deep
200,chlorophyll_a_ugl,1986-08-03,2022-08-08,163,lake,deep
200,color_PCU,2021-06-08,2022-08-08,7,lake,deep
200,conc_H_molpl,2020-06-03,2021-06-08,54,lake,deep
200,hydrogenDissolved_moll,1986-07-03,2022-08-08,498,lake,deep
200,oxygenDissolvedPercentOfSaturation_pct,1986-07-03,2022-08-08,3260,lake,deep
200,oxygenDissolved_mgl,1986-07-03,2022-08-08,3260,lake,deep
200,phosphorusTotal_mgl,1986-07-03,2022-08-08,477,lake,deep
200,secchiDepth_m,1986-08-03,2022-08-08,163,lake,deep
200,specificConductance_uScm,1986-07-03,2022-08-08,584,lake,deep
200,turbidity_NTU,1993-05-16,2022-08-08,472,lake,deep
200,waterTemperature_degC,1986-07-03,2022-08-08,3261,lake,deep
201,alkalinity_mglCaCO3,2022-06-07,2022-06-07,1,lake,deep
201,chloride_mgl,2022-06-07,2022-06-07,3,lake,deep
201,chlorophyllFluorescence_RFU,2022-06-07,2022-06-07,21,lake,deep
201,chlorophyllFluorescence_ugl,2022-06-07,2022-06-07,21,lake,deep
201,chlorophyll_a_ugl,2022-06-07,2022-06-07,1,lake,deep
201,color_PCU,2022-06-07,2022-06-07,1,lake,deep
201,hydrogenDissolved_moll,2022-06-07,2022-06-07,3,lake,deep
201,oxygenDissolvedPercentOfSaturation_pct,2022-06-07,2022-06-07,20,lake,deep
201,oxygenDissolved_mgl,2022-06-07,2022-06-07,20,lake,deep
201,phosphorusTotal_mgl,2022-06-07,2022-06-07,4,lake,deep
201,secchiDepth_m,2022-06-07,2022-06-07,1,lake,deep
201,specificConductance_uScm,2022-06-07,2022-06-07,23,lake,deep
201,turbidity_NTU,2022-06-07,2022-06-07,3,lake,deep
201,waterTemperature_degC,2022-06-07,2022-06-07,20,lake,deep
202,alkalinity_mglCaCO3,2020-08-11,2020-08-11,1,lake,deep
202,chlorophyll_a_ugl,2020-08-11,2020-08-11,1,lake,deep
202,conc_H_molpl,2020-08-11,2020-10-15,30,lake,deep
202,hydrogenDissolved_moll,2020-08-11,2020-08-11,3,lake,deep
202,oxygenDissolvedPercentOfSaturation_pct,2020-08-11,2020-10-15,30,lake,deep
202,oxygenDissolved_mgl,2020-08-11,2020-10-15,30,lake,deep
202,phosphorusTotal_mgl,2020-08-11,2020-10-15,5,lake,deep
202,secchiDepth_m,2020-08-11,2020-08-11,1,lake,deep
202,specificConductance_uScm,2020-08-11,2020-10-15,33,lake,deep
202,turbidity_NTU,2020-08-11,2020-10-15,31,lake,deep
202,waterTemperature_degC,2020-08-11,2020-10-15,30,lake,deep
205,phosphorusTotal_mgl,2020-10-15,2020-10-22,2,lake,deep
207,conc_H_molpl,2020-09-29,2020-09-29,7,lake,deep
207,oxygenDissolvedPercentOfSaturation_pct,2020-09-29,2020-09-29,7,lake,deep
207,oxygenDissolved_mgl,2020-09-29,2020-09-29,7,lake,deep
207,phosphorusTotal_mgl,2020-09-29,2020-10-22,2,lake,deep
207,specificConductance_uScm,2020-09-29,2020-09-29,7,lake,deep
207,turbidity_NTU,2020-09-29,2020-09-29,7,lake,deep
207,waterTemperature_degC,2020-09-29,2020-09-29,7,lake,deep
210,alkalinity_mglCaCO3,1993-05-16,2022-09-12,158,lake,deep
210,chloride_mgl,2021-02-23,2022-09-12,30,lake,deep
210,chlorophyllFluorescence_RFU,2021-07-20,2022-09-12,192,lake,deep
210,chlorophyllFluorescence_ugl,2021-07-20,2022-09-12,195,lake,deep
210,chlorophyll_a_ugl,1992-07-01,2022-09-12,155,lake,deep
210,color_PCU,2021-02-23,2022-09-12,12,lake,deep
210,conc_H_molpl,2020-06-03,2021-06-08,259,lake,deep
210,hydrogenDissolved_moll,1986-07-03,2022-09-12,533,lake,deep
210,oxygenDissolvedPercentOfSaturation_pct,1986-07-03,2022-09-12,5036,lake,deep
210,oxygenDissolved_mgl,1986-07-03,2022-09-12,5038,lake,deep
210,phosphorusTotal_mgl,1986-07-03,2022-09-12,523,lake,deep
210,secchiDepth_m,1992-07-01,2022-09-12,155,lake,deep
210,specificConductance_uScm,1986-07-03,2022-09-12,1004,lake,deep
210,turbidity_NTU,1993-05-16,2022-09-12,838,lake,deep
210,waterTemperature_degC,1986-07-03,2022-09-12,5038,lake,deep
215,conc_H_molpl,2020-10-05,2020-10-05,14,lake,deep
215,oxygenDissolvedPercentOfSaturation_pct,2020-10-05,2020-10-05,13,lake,deep
215,oxygenDissolved_mgl,2020-10-05,2020-10-05,13,lake,deep
215,phosphorusTotal_mgl,2020-10-05,2020-10-05,1,lake,deep
215,specificConductance_uScm,2020-10-05,2020-10-05,13,lake,deep
215,turbidity_NTU,2020-10-05,2020-10-05,13,lake,deep
215,waterTemperature_degC,2020-10-05,2020-10-05,13,lake,deep
216,conc_H_molpl,2020-09-15,2020-09-15,25,lake,deep
216,oxygenDissolvedPercentOfSaturation_pct,2020-09-15,2020-09-15,24,lake,deep
216,oxygenDissolved_mgl,2020-09-15,2020-09-15,24,lake,deep
216,specificConductance_uScm,2020-09-15,2020-09-15,24,lake,deep
216,turbidity_NTU,2020-09-15,2020-09-15,24,lake,deep
216,waterTemperature_degC,2020-09-15,2020-09-15,24,lake,deep
219,conc_H_molpl,2020-09-29,2020-09-29,9,lake,deep
219,oxygenDissolvedPercentOfSaturation_pct,2020-09-29,2020-09-29,9,lake,deep
219,oxygenDissolved_mgl,2020-09-29,2020-09-29,9,lake,deep
219,phosphorusTotal_mgl,2020-09-29,2020-09-29,1,lake,deep
219,specificConductance_uScm,2020-09-29,2020-09-29,9,lake,deep
219,turbidity_NTU,2020-09-29,2020-09-29,9,lake,deep
219,waterTemperature_degC,2020-09-29,2020-09-29,9,lake,deep
220,alkalinity_mglCaCO3,1993-05-18,2022-09-12,139,lake,deep
220,chloride_mgl,2021-08-16,2022-09-12,9,lake,deep
220,chlorophyllFluorescence_RFU,2021-08-16,2022-09-12,39,lake,deep
220,chlorophyllFluorescence_ugl,2021-08-16,2022-09-12,43,lake,deep
220,chlorophyll_a_ugl,1993-05-18,2022-09-12,139,lake,deep
220,color_PCU,2021-08-16,2022-09-12,3,lake,deep
220,conc_H_molpl,2020-06-22,2020-10-29,52,lake,deep
220,hydrogenDissolved_moll,1993-05-18,2022-09-12,420,lake,deep
220,oxygenDissolvedPercentOfSaturation_pct,1993-06-12,2022-09-12,3350,lake,deep
220,oxygenDissolved_mgl,1993-06-12,2022-09-12,3351,lake,deep
220,phosphorusTotal_mgl,1993-06-13,2022-09-12,426,lake,deep
220,secchiDepth_m,1993-05-18,2022-09-12,139,lake,deep
220,specificConductance_uScm,1993-05-18,2022-09-12,521,lake,deep
220,turbidity_NTU,1993-05-18,2022-09-12,510,lake,deep
220,waterTemperature_degC,1993-06-12,2022-09-12,3353,lake,deep
222,alkalinity_mglCaCO3,1998-09-09,1998-09-29,2,lake,deep
222,chlorophyll_a_ugl,1998-09-09,1998-09-29,2,lake,deep
222,hydrogenDissolved_moll,1998-09-09,1998-09-29,5,lake,deep
222,oxygenDissolvedPercentOfSaturation_pct,1998-09-09,1998-09-29,24,lake,deep
222,oxygenDissolved_mgl,1998-09-09,1998-09-29,25,lake,deep
222,phosphorusTotal_mgl,1998-09-09,1998-09-29,5,lake,deep
222,secchiDepth_m,1998-09-09,1998-09-29,2,lake,deep
222,specificConductance_uScm,1998-09-09,1998-09-29,5,lake,deep
222,turbidity_NTU,1998-09-09,1998-09-29,5,lake,deep
222,waterTemperature_degC,1998-09-09,1998-09-29,25,lake,deep
225,alkalinity_mglCaCO3,1997-06-03,1998-09-29,10,lake,deep
225,chlorophyll_a_ugl,1997-06-03,1998-09-29,10,lake,deep
225,hydrogenDissolved_moll,1997-06-03,1998-09-29,29,lake,deep
225,oxygenDissolvedPercentOfSaturation_pct,1997-06-03,1998-07-06,223,lake,deep
225,oxygenDissolved_mgl,1997-06-03,1998-09-29,224,lake,deep
225,phosphorusTotal_mgl,1997-06-03,1998-09-29,29,lake,deep
225,secchiDepth_m,1997-06-03,1998-09-29,10,lake,deep
225,specificConductance_uScm,1997-06-03,1998-09-29,29,lake,deep
225,turbidity_NTU,1997-06-03,1998-09-29,29,lake,deep
225,waterTemperature_degC,1997-06-03,1998-09-29,224,lake,deep
226,phosphorusTotal_mgl,2020-10-15,2020-10-15,1,lake,deep
230,alkalinity_mglCaCO3,1993-05-25,2022-07-11,143,lake,deep
230,chloride_mgl,2021-07-20,2022-07-11,8,lake,deep
230,chlorophyllFluorescence_RFU,2021-07-20,2022-07-11,70,lake,deep
230,chlorophyllFluorescence_ugl,2021-07-20,2022-07-11,71,lake,deep
230,chlorophyll_a_ugl,1986-07-03,2022-07-11,203,lake,deep
230,color_PCU,2021-07-20,2022-07-11,3,lake,deep
230,conc_H_molpl,2020-07-15,2020-08-11,25,lake,deep
230,hydrogenDissolved_moll,1986-07-03,2022-07-11,475,lake,deep
230,oxygenDissolvedPercentOfSaturation_pct,1986-07-03,2022-07-11,3308,lake,deep
230,oxygenDissolved_mgl,1986-07-03,2022-07-11,3308,lake,deep
230,phosphorusTotal_mgl,1986-07-03,2022-07-11,458,lake,deep
230,secchiDepth_m,1986-07-03,2022-07-11,203,lake,deep
230,specificConductance_uScm,1986-07-03,2022-07-11,574,lake,deep
230,turbidity_NTU,1993-05-25,2022-07-11,488,lake,deep
230,waterTemperature_degC,1986-07-03,2022-07-11,3308,lake,deep
30,alkalinity_mglCaCO3,1993-05-18,2000-10-05,42,lake,cove
30,chloride_mgl,2020-09-15,2021-06-08,2,lake,cove
30,chlorophyll_a_ugl,1986-07-03,2022-06-14,152,lake,cove
30,hydrogenDissolved_moll,1986-07-03,2022-06-14,157,lake,cove
30,phosphorusTotal_mgl,1986-07-03,2022-06-14,154,lake,cove
30,secchiDepth_m,1986-07-03,2022-06-14,152,lake,cove
30,specificConductance_uScm,1986-07-03,2022-06-14,154,lake,cove
30,turbidity_NTU,1993-05-18,2022-06-14,131,lake,cove
35,chloride_mgl,2021-03-29,2021-08-02,6,lake,cove
35,hydrogenDissolved_moll,2021-06-09,2021-08-02,3,lake,cove
35,phosphorusTotal_mgl,2021-03-29,2021-09-02,9,lake,cove
35,specificConductance_uScm,2021-03-29,2021-08-02,7,lake,cove
35,turbidity_NTU,2021-03-29,2021-09-02,8,lake,cove
40,alkalinity_mglCaCO3,1993-05-18,2000-10-03,38,lake,cove
40,chloride_mgl,2021-06-08,2021-06-08,1,lake,cove
40,chlorophyllFluorescence_RFU,2021-07-20,2022-09-12,212,lake,cove
40,chlorophyllFluorescence_ugl,2021-07-20,2022-09-12,224,lake,cove
40,chlorophyll_a_ugl,1988-08-11,2022-09-12,127,lake,cove
40,hydrogenDissolved_moll,1988-08-11,2022-09-12,60,lake,cove
40,oxygenDissolvedPercentOfSaturation_pct,2021-07-20,2022-09-12,227,lake,cove
40,oxygenDissolved_mgl,2021-07-20,2022-09-12,227,lake,cove
40,phosphorusTotal_mgl,1988-08-11,2022-09-12,56,lake,cove
40,secchiDepth_m,1988-08-11,2022-09-12,127,lake,cove
40,specificConductance_uScm,1988-08-11,2022-09-12,288,lake,cove
40,turbidity_NTU,1993-05-18,2022-09-12,213,lake,cove
40,waterTemperature_degC,2021-07-20,2022-09-12,227,lake,cove
5,chlorophyll_a_ugl,2022-06-07,2022-06-07,1,lake,cove
5,hydrogenDissolved_moll,2022-06-07,2022-06-07,1,lake,cove
5,phosphorusTotal_mgl,2022-06-07,2022-06-07,1,lake,cove
5,secchiDepth_m,2022-06-07,2022-06-07,1,lake,cove
5,specificConductance_uScm,2022-06-07,2022-06-07,1,lake,cove
5,turbidity_NTU,2022-06-07,2022-06-07,1,lake,cove
50,alkalinity_mglCaCO3,1994-06-14,2000-09-10,32,lake,cove
50,chloride_mgl,2021-06-08,2021-06-08,1,lake,cove
50,chlorophyll_a_ugl,1994-06-14,2022-09-19,45,lake,cove
50,hydrogenDissolved_moll,1994-06-14,2022-09-19,46,lake,cove
50,phosphorusTotal_mgl,1994-06-14,2022-09-19,40,lake,cove
50,secchiDepth_m,1994-06-14,2022-09-19,45,lake,cove
50,specificConductance_uScm,1994-06-14,2022-09-19,46,lake,cove
50,turbidity_NTU,1994-06-14,2022-09-19,46,lake,cove
505,alkalinity_mglCaCO3,1993-05-25,1993-09-08,2,tributary,
505,chloride_mgl,2020-03-16,2022-08-23,18,tributary,
505,color_PCU,2022-06-21,2022-08-23,3,tributary,
505,hydrogenDissolved_moll,1986-08-03,2022-08-23,256,tributary,
505,phosphorusTotal_mgl,1986-07-03,2022-08-23,310,tributary,
505,specificConductance_uScm,1986-07-03,2022-08-23,282,tributary,
505,turbidity_NTU,1993-05-25,2022-08-23,245,tributary,
505.5,hydrogenDissolved_moll,1995-06-08,1995-06-08,1,tributary,
505.5,phosphorusTotal_mgl,1995-06-08,1995-06-08,1,tributary,
505.5,specificConductance_uScm,1995-06-08,1995-06-08,1,tributary,
505.5,turbidity_NTU,1995-06-08,1995-06-08,1,tributary,
510,alkalinity_mglCaCO3,1993-05-25,1993-05-25,1,tributary,
510,chloride_mgl,2020-03-16,2022-08-23,16,tributary,
510,color_PCU,2022-06-21,2022-08-23,3,tributary,
510,hydrogenDissolved_moll,1986-08-03,2022-08-23,223,tributary,
510,phosphorusTotal_mgl,1986-07-03,2022-08-23,263,tributary,
510,specificConductance_uScm,1986-07-03,2022-08-23,238,tributary,
510,turbidity_NTU,1993-05-25,2022-08-23,202,tributary,
510.1,hydrogenDissolved_moll,1993-06-16,1993-08-18,10,tributary,
510.1,phosphorusTotal_mgl,1993-06-16,1993-08-18,10,tributary,
510.1,specificConductance_uScm,1993-06-16,1993-08-18,9,tributary,
510.1,turbidity_NTU,1993-06-16,1993-08-18,10,tributary,
510.2,hydrogenDissolved_moll,1993-06-16,1993-08-18,10,tributary,
510.2,phosphorusTotal_mgl,1993-06-16,1993-08-18,10,tributary,
510.2,specificConductance_uScm,1993-06-16,1993-08-18,10,tributary,
510.2,turbidity_NTU,1993-06-16,1993-08-18,10,tributary,
510.21,hydrogenDissolved_moll,1993-06-16,1993-08-18,10,tributary,
510.21,phosphorusTotal_mgl,1993-06-16,1993-08-18,9,tributary,
510.21,specificConductance_uScm,1993-06-16,1993-08-18,10,tributary,
510.21,turbidity_NTU,1993-06-16,1993-08-18,10,tributary,
510.31,hydrogenDissolved_moll,1993-06-16,1993-08-18,8,tributary,
510.31,phosphorusTotal_mgl,1993-06-16,1993-08-18,8,tributary,
510.31,specificConductance_uScm,1993-06-16,1993-08-18,8,tributary,
510.31,turbidity_NTU,1993-06-16,1993-08-18,7,tributary,
510.32,hydrogenDissolved_moll,1993-06-16,1993-08-18,9,tributary,
510.32,phosphorusTotal_mgl,1993-06-16,1993-08-18,9,tributary,
510.32,specificConductance_uScm,1993-06-16,1993-08-18,9,tributary,
510.32,turbidity_NTU,1993-06-16,1993-08-18,9,tributary,
510.34,hydrogenDissolved_moll,1993-06-30,1993-08-18,8,tributary,
510.34,phosphorusTotal_mgl,1993-06-30,1993-08-18,8,tributary,
510.34,specificConductance_uScm,1993-06-30,1993-08-18,8,tributary,
510.34,turbidity_NTU,1993-06-30,1993-08-18,8,tributary,
510.36,hydrogenDissolved_moll,1993-06-16,1993-06-23,2,tributary,
510.36,phosphorusTotal_mgl,1993-06-16,1993-06-23,2,tributary,
510.36,specificConductance_uScm,1993-06-16,1993-06-23,2,tributary,
510.36,turbidity_NTU,1993-06-16,1993-06-23,2,tributary,
510.41,hydrogenDissolved_moll,1993-06-16,1993-08-18,10,tributary,
510.41,phosphorusTotal_mgl,1993-06-16,1993-08-18,10,tributary,
510.41,specificConductance_uScm,1993-06-16,1993-08-18,10,tributary,
510.41,turbidity_NTU,1993-06-16,1993-08-18,10,tributary,
510.5,hydrogenDissolved_moll,1993-06-23,1993-06-23,1,tributary,
510.5,phosphorusTotal_mgl,1993-06-16,1993-06-23,2,tributary,
510.5,specificConductance_uScm,1993-06-16,1993-06-23,2,tributary,
510.5,turbidity_NTU,1993-06-16,1993-06-23,2,tributary,
515,alkalinity_mglCaCO3,1993-05-25,1993-05-25,1,tributary,
515,hydrogenDissolved_moll,1989-03-16,1999-06-15,42,tributary,
515,phosphorusTotal_mgl,1989-03-16,1999-06-15,44,tributary,
515,specificConductance_uScm,1989-03-16,1999-06-15,45,tributary,
515,turbidity_NTU,1993-05-25,1999-06-15,27,tributary,
515.1,chloride_mgl,2020-03-20,2022-09-28,18,tributary,
515.1,color_PCU,2022-06-22,2022-09-28,4,tributary,
515.1,hydrogenDissolved_moll,1994-04-07,2022-09-28,169,tributary,
515.1,phosphorusTotal_mgl,1994-04-07,2022-09-28,180,tributary,
515.1,specificConductance_uScm,1994-04-07,2022-09-28,183,tributary,
515.1,turbidity_NTU,1994-04-07,2022-09-28,179,tributary,
515.12,hydrogenDissolved_moll,1999-06-21,2002-06-11,4,tributary,
515.12,phosphorusTotal_mgl,1999-06-21,2002-06-11,6,tributary,
515.12,specificConductance_uScm,1999-06-21,2002-06-11,6,tributary,
515.12,turbidity_NTU,1999-06-21,2002-06-11,6,tributary,
515.18,hydrogenDissolved_moll,1999-07-19,2001-07-26,3,tributary,
515.18,phosphorusTotal_mgl,1999-07-19,2001-07-26,4,tributary,
515.18,specificConductance_uScm,1999-07-19,2001-07-26,4,tributary,
515.18,turbidity_NTU,1999-07-19,2001-07-26,4,tributary,
515.2,hydrogenDissolved_moll,1992-06-30,2000-07-31,14,tributary,
515.2,phosphorusTotal_mgl,1992-06-30,2000-09-15,16,tributary,
515.2,specificConductance_uScm,1992-06-30,2000-09-15,16,tributary,
515.2,turbidity_NTU,1992-06-30,2000-09-15,16,tributary,
515.5,hydrogenDissolved_moll,1999-10-17,1999-10-17,1,tributary,
515.5,phosphorusTotal_mgl,1999-10-17,1999-10-17,1,tributary,
515.5,specificConductance_uScm,1999-10-17,1999-10-17,1,tributary,
515.5,turbidity_NTU,1999-10-17,1999-10-17,1,tributary,
515.6,hydrogenDissolved_moll,2001-07-17,2001-07-26,2,tributary,
515.6,phosphorusTotal_mgl,1997-04-18,2001-10-15,5,tributary,
515.6,specificConductance_uScm,1997-04-18,2001-10-15,5,tributary,
515.6,turbidity_NTU,1997-04-18,2001-10-15,5,tributary,
540,alkalinity_mglCaCO3,1993-04-27,1993-04-27,1,tributary,
540,chloride_mgl,2020-05-26,2022-07-24,13,tributary,
540,color_PCU,2022-06-21,2022-07-24,3,tributary,
540,hydrogenDissolved_moll,1989-03-16,2022-07-24,192,tributary,
540,phosphorusTotal_mgl,1989-03-16,2022-07-24,214,tributary,
540,specificConductance_uScm,1989-04-26,2022-07-24,208,tributary,
540,turbidity_NTU,1993-06-20,2022-07-24,184,tributary,
575,chloride_mgl,2020-05-26,2022-09-26,13,tributary,
575,color_PCU,2022-06-21,2022-09-26,5,tributary,
575,hydrogenDissolved_moll,2017-05-08,2022-09-26,29,tributary,
575,phosphorusTotal_mgl,2017-05-08,2022-09-26,29,tributary,
575,specificConductance_uScm,2017-05-08,2022-09-26,29,tributary,
575,turbidity_NTU,2017-05-08,2022-09-26,28,tributary,
575.1,hydrogenDissolved_moll,1994-07-20,1994-12-06,3,tributary,
575.1,phosphorusTotal_mgl,1994-07-20,1994-12-06,3,tributary,
575.1,specificConductance_uScm,1994-07-20,1994-12-06,3,tributary,
575.1,turbidity_NTU,1994-07-20,1994-12-06,3,tributary,
575.3,hydrogenDissolved_moll,1994-07-20,1994-12-06,3,tributary,
575.3,phosphorusTotal_mgl,1994-07-20,1994-12-06,3,tributary,
575.3,specificConductance_uScm,1994-07-20,1994-12-06,3,tributary,
575.3,turbidity_NTU,1994-07-20,1994-12-06,3,tributary,
575.5,hydrogenDissolved_moll,1994-07-20,1994-12-06,2,tributary,
575.5,phosphorusTotal_mgl,1994-07-20,1994-12-06,2,tributary,
575.5,specificConductance_uScm,1994-07-20,1994-12-06,2,tributary,
575.5,turbidity_NTU,1994-07-20,1994-12-06,2,tributary,
590,hydrogenDissolved_moll,1998-03-10,2000-03-28,14,tributary,
590,phosphorusTotal_mgl,1998-03-10,2000-03-28,15,tributary,
590,specificConductance_uScm,1998-03-10,2000-03-28,15,tributary,
590,turbidity_NTU,1998-03-10,2000-03-28,15,tributary,
590.1,hydrogenDissolved_moll,1998-03-31,1999-03-22,9,tributary,
590.1,phosphorusTotal_mgl,1998-03-31,1999-03-22,9,tributary,
590.1,specificConductance_uScm,1998-03-31,1999-03-22,9,tributary,
590.1,turbidity_NTU,1998-03-31,1999-03-22,9,tributary,
590.2,hydrogenDissolved_moll,1998-04-08,1999-08-03,4,tributary,
590.2,phosphorusTotal_mgl,1998-04-08,1999-08-03,4,tributary,
590.2,specificConductance_uScm,1998-04-08,1999-08-03,4,tributary,
590.2,turbidity_NTU,1998-04-08,1999-08-03,4,tributary,
60,alkalinity_mglCaCO3,1993-06-16,2000-09-10,35,lake,cove
60,chloride_mgl,2020-09-15,2021-06-08,2,lake,cove
60,chlorophyll_a_ugl,1989-05-12,2022-09-20,152,lake,cove
60,hydrogenDissolved_moll,1988-07-14,2022-09-20,103,lake,cove
60,phosphorusTotal_mgl,1989-04-26,2022-09-20,103,lake,cove
60,secchiDepth_m,1989-05-12,2022-09-20,152,lake,cove
60,specificConductance_uScm,1988-07-14,2022-09-20,102,lake,cove
60,turbidity_NTU,1993-06-16,2022-09-20,88,lake,cove
610,alkalinity_mglCaCO3,1993-05-25,1993-05-25,1,tributary,
610,chloride_mgl,2020-05-26,2022-09-26,16,tributary,
610,color_PCU,2022-06-21,2022-09-26,5,tributary,
610,hydrogenDissolved_moll,1986-07-03,2022-09-26,199,tributary,
610,phosphorusTotal_mgl,1986-07-03,2022-09-26,217,tributary,
610,specificConductance_uScm,1986-07-03,2022-09-26,218,tributary,
610,turbidity_NTU,1993-05-25,2022-09-26,188,tributary,
640,alkalinity_mglCaCO3,1993-05-25,1993-05-25,1,tributary,
640,hydrogenDissolved_moll,1989-06-28,2000-02-29,56,tributary,
640,phosphorusTotal_mgl,1989-06-28,2000-02-29,57,tributary,
640,specificConductance_uScm,1989-06-28,2000-02-29,58,tributary,
640,turbidity_NTU,1993-05-25,2000-02-29,45,tributary,
640.1,chloride_mgl,2020-05-26,2022-09-26,17,tributary,
640.1,color_PCU,2022-06-21,2022-09-26,6,tributary,
640.1,hydrogenDissolved_moll,2017-05-08,2022-09-26,34,tributary,
640.1,phosphorusTotal_mgl,2017-05-08,2022-09-26,34,tributary,
640.1,specificConductance_uScm,2017-05-08,2022-09-26,34,tributary,
640.1,turbidity_NTU,2017-05-08,2022-09-26,33,tributary,
665,phosphorusTotal_mgl,2016-05-31,2016-07-20,7,tributary,
670,alkalinity_mglCaCO3,1993-05-30,1999-09-07,2,tributary,
670,chloride_mgl,2020-03-16,2022-09-27,19,tributary,
670,color_PCU,2022-06-22,2022-09-27,5,tributary,
670,hydrogenDissolved_moll,1986-07-03,2022-09-27,229,tributary,
670,phosphorusTotal_mgl,1986-07-03,2022-09-27,259,tributary,
670,specificConductance_uScm,1986-07-03,2022-09-27,255,tributary,
670,turbidity_NTU,1993-03-26,2022-09-27,218,tributary,
670.1,hydrogenDissolved_moll,1996-03-29,1999-03-22,9,tributary,
670.1,phosphorusTotal_mgl,1996-03-29,1999-03-22,10,tributary,
670.1,specificConductance_uScm,1996-03-29,1999-03-22,10,tributary,
670.1,turbidity_NTU,1996-03-29,1999-03-22,10,tributary,
670.5,alkalinity_mglCaCO3,1999-09-07,1999-09-07,1,tributary,
670.5,chloride_mgl,2020-05-27,2022-09-28,14,tributary,
670.5,color_PCU,2022-06-21,2022-09-28,5,tributary,
670.5,hydrogenDissolved_moll,1993-06-13,2022-09-28,188,tributary,
670.5,phosphorusTotal_mgl,1993-06-13,2022-09-28,202,tributary,
670.5,specificConductance_uScm,1993-06-13,2022-09-28,205,tributary,
670.5,turbidity_NTU,1993-06-13,2022-09-28,204,tributary,
675,chloride_mgl,2020-05-27,2022-09-27,14,tributary,
675,color_PCU,2022-06-22,2022-09-27,5,tributary,
675,hydrogenDissolved_moll,1989-03-16,2022-09-27,209,tributary,
675,phosphorusTotal_mgl,1989-03-16,2022-09-27,242,tributary,
675,specificConductance_uScm,1989-03-16,2022-09-27,229,tributary,
675,turbidity_NTU,1993-05-30,2022-09-27,207,tributary,
675.2,hydrogenDissolved_moll,1994-05-27,1996-08-05,18,tributary,
675.2,phosphorusTotal_mgl,1994-05-27,1996-08-05,17,tributary,
675.2,specificConductance_uScm,1994-05-27,1996-08-05,18,tributary,
675.2,turbidity_NTU,1994-05-27,1996-08-05,18,tributary,
675.3,hydrogenDissolved_moll,1993-07-21,1993-08-25,6,tributary,
675.3,phosphorusTotal_mgl,1993-07-21,1993-08-25,6,tributary,
675.3,specificConductance_uScm,1993-07-21,1993-08-25,6,tributary,
675.3,turbidity_NTU,1993-07-21,1993-08-25,6,tributary,
675.5,hydrogenDissolved_moll,1993-07-21,1993-08-25,6,tributary,
675.5,phosphorusTotal_mgl,1993-07-28,1993-08-25,5,tributary,
675.5,specificConductance_uScm,1993-07-21,1993-08-25,6,tributary,
675.5,turbidity_NTU,1993-07-21,1993-08-25,6,tributary,
675.6,chloride_mgl,2020-05-27,2022-07-26,6,tributary,
675.6,color_PCU,2022-07-26,2022-07-26,2,tributary,
675.6,hydrogenDissolved_moll,2020-05-27,2022-07-26,6,tributary,
675.6,phosphorusTotal_mgl,2020-05-27,2022-07-26,6,tributary,
675.6,specificConductance_uScm,2020-05-27,2022-07-26,6,tributary,
675.6,turbidity_NTU,2020-05-27,2022-07-26,6,tributary,
680,chloride_mgl,2020-05-27,2022-09-28,15,tributary,
680,color_PCU,2022-06-21,2022-09-28,5,tributary,
680,hydrogenDissolved_moll,1993-04-27,2022-09-28,218,tributary,
680,phosphorusTotal_mgl,1993-04-27,2022-09-28,242,tributary,
680,specificConductance_uScm,1993-04-27,2022-09-28,241,tributary,
680,turbidity_NTU,1993-05-30,2022-09-28,239,tributary,
680.1,hydrogenDissolved_moll,1993-07-21,1999-09-30,16,tributary,
680.1,phosphorusTotal_mgl,1993-07-21,1999-09-30,17,tributary,
680.1,specificConductance_uScm,1993-07-21,1999-09-30,17,tributary,
680.1,turbidity_NTU,1993-07-21,1999-09-30,17,tributary,
680.25,hydrogenDissolved_moll,1996-11-25,1996-11-25,1,tributary,
680.25,phosphorusTotal_mgl,1996-11-25,1996-11-25,1,tributary,
680.25,specificConductance_uScm,1996-11-25,1996-11-25,1,tributary,
680.25,turbidity_NTU,1996-11-25,1996-11-25,1,tributary,
680.26,hydrogenDissolved_moll,1995-06-12,1999-07-19,6,tributary,
680.26,phosphorusTotal_mgl,1995-06-21,1999-07-19,5,tributary,
680.26,specificConductance_uScm,1995-06-12,1999-07-19,7,tributary,
680.26,turbidity_NTU,1995-06-12,1999-07-19,7,tributary,
680.28,hydrogenDissolved_moll,1995-06-12,1995-06-12,1,tributary,
680.28,specificConductance_uScm,1995-06-12,1995-06-12,1,tributary,
680.28,turbidity_NTU,1995-06-12,1995-06-12,1,tributary,
680.29,hydrogenDissolved_moll,1995-06-21,1995-08-01,3,tributary,
680.29,phosphorusTotal_mgl,1995-06-21,1995-08-01,3,tributary,
680.29,specificConductance_uScm,1995-06-21,1995-08-15,4,tributary,
680.29,turbidity_NTU,1995-06-21,1995-08-15,4,tributary,
680.3,hydrogenDissolved_moll,1993-07-21,2003-04-21,22,tributary,
680.3,phosphorusTotal_mgl,1993-07-21,2003-04-21,24,tributary,
680.3,specificConductance_uScm,1993-07-21,2003-04-21,26,tributary,
680.3,turbidity_NTU,1993-07-21,2003-04-21,26,tributary,
680.32,hydrogenDissolved_moll,1995-06-21,1995-08-01,3,tributary,
680.32,phosphorusTotal_mgl,1995-06-21,1995-08-15,4,tributary,
680.32,specificConductance_uScm,1995-06-21,1995-08-15,4,tributary,
680.32,turbidity_NTU,1995-06-21,1995-08-15,4,tributary,
680.35,hydrogenDissolved_moll,1996-03-29,1999-07-19,7,tributary,
680.35,phosphorusTotal_mgl,1996-03-29,1999-07-19,7,tributary,
680.35,specificConductance_uScm,1996-03-29,1999-07-19,8,tributary,
680.35,turbidity_NTU,1996-03-29,1999-07-19,8,tributary,
680.38,hydrogenDissolved_moll,1995-06-15,2000-03-28,11,tributary,
680.38,phosphorusTotal_mgl,1995-06-15,2000-03-28,12,tributary,
680.38,specificConductance_uScm,1995-06-15,2000-03-28,13,tributary,
680.38,turbidity_NTU,1995-06-15,2000-03-28,13,tributary,
680.4,hydrogenDissolved_moll,1994-04-07,1994-04-07,1,tributary,
680.4,phosphorusTotal_mgl,1994-04-07,1994-04-07,1,tributary,
680.4,specificConductance_uScm,1994-04-07,1994-04-07,1,tributary,
680.4,turbidity_NTU,1994-04-07,1994-04-07,1,tributary,
680.41,hydrogenDissolved_moll,1995-06-15,1995-06-15,2,tributary,
680.41,phosphorusTotal_mgl,1995-06-15,1995-06-15,1,tributary,
680.41,specificConductance_uScm,1995-06-15,1995-06-15,2,tributary,
680.41,turbidity_NTU,1995-06-15,1995-06-15,2,tributary,
680.42,hydrogenDissolved_moll,1995-06-15,1995-08-01,4,tributary,
680.42,phosphorusTotal_mgl,1995-06-21,1995-08-01,3,tributary,
680.42,specificConductance_uScm,1995-06-15,1995-08-15,5,tributary,
680.42,turbidity_NTU,1995-06-15,1995-08-15,5,tributary,
680.5,hydrogenDissolved_moll,1993-07-21,1995-08-01,10,tributary,
680.5,phosphorusTotal_mgl,1993-07-21,1995-08-01,10,tributary,
680.5,specificConductance_uScm,1993-07-21,1995-08-15,11,tributary,
680.5,turbidity_NTU,1993-07-21,1995-08-15,11,tributary,
680.52,hydrogenDissolved_moll,1995-06-12,1995-08-01,4,tributary,
680.52,phosphorusTotal_mgl,1995-06-21,1995-08-01,3,tributary,
680.52,specificConductance_uScm,1995-06-12,1995-08-15,5,tributary,
680.52,turbidity_NTU,1995-06-12,1995-08-15,5,tributary,
680.54,hydrogenDissolved_moll,1995-06-12,1999-07-19,9,tributary,
680.54,phosphorusTotal_mgl,1995-06-21,1999-07-19,8,tributary,
680.54,specificConductance_uScm,1995-06-12,1999-07-19,10,tributary,
680.54,turbidity_NTU,1995-06-12,1999-07-19,10,tributary,
680.7,hydrogenDissolved_moll,1993-07-21,2003-04-21,31,tributary,
680.7,phosphorusTotal_mgl,1993-07-21,2003-04-21,36,tributary,
680.7,specificConductance_uScm,1993-07-21,2003-04-21,36,tributary,
680.7,turbidity_NTU,1993-07-21,2003-04-21,36,tributary,
70,alkalinity_mglCaCO3,1993-05-16,2000-10-01,35,lake,cove
70,chloride_mgl,2020-06-17,2021-07-15,2,lake,cove
70,chlorophyll_a_ugl,1986-07-03,2022-08-30,142,lake,cove
70,hydrogenDissolved_moll,1986-07-03,2022-08-30,154,lake,cove
70,phosphorusTotal_mgl,1986-07-03,2022-08-30,146,lake,cove
70,secchiDepth_m,1986-07-03,2022-08-30,142,lake,cove
70,specificConductance_uScm,1986-07-03,2022-08-30,154,lake,cove
70,turbidity_NTU,1993-05-16,2022-08-30,132,lake,cove
700.1,hydrogenDissolved_moll,2004-07-13,2004-07-13,1,tributary,
700.1,phosphorusTotal_mgl,2004-07-13,2004-07-13,1,tributary,
700.1,specificConductance_uScm,2004-07-13,2004-07-13,1,tributary,
700.1,turbidity_NTU,2004-07-13,2004-07-13,1,tributary,
710,hydrogenDissolved_moll,1994-04-06,2000-08-08,43,tributary,
710,phosphorusTotal_mgl,1994-04-06,2000-08-08,43,tributary,
710,specificConductance_uScm,1994-04-06,2000-08-08,43,tributary,
710,turbidity_NTU,1994-04-06,2000-08-08,43,tributary,
715,chloride_mgl,2020-05-26,2021-08-24,3,tributary,
715,hydrogenDissolved_moll,1994-06-29,2021-08-24,70,tributary,
715,phosphorusTotal_mgl,1993-03-30,2021-08-24,71,tributary,
715,specificConductance_uScm,1993-03-30,2021-08-24,73,tributary,
715,turbidity_NTU,1993-03-30,2021-08-24,73,tributary,
720,hydrogenDissolved_moll,1989-03-16,2000-08-29,80,tributary,
720,phosphorusTotal_mgl,1989-03-16,2003-10-07,100,tributary,
720,specificConductance_uScm,1989-05-24,2003-10-07,107,tributary,
720,turbidity_NTU,1993-03-30,2003-10-07,88,tributary,
720.1,chloride_mgl,2020-05-26,2021-09-20,8,tributary,
720.1,hydrogenDissolved_moll,2004-05-12,2021-09-20,70,tributary,
720.1,phosphorusTotal_mgl,1996-10-12,2021-09-20,71,tributary,
720.1,specificConductance_uScm,1996-10-12,2021-09-20,71,tributary,
720.1,turbidity_NTU,1996-10-12,2021-09-20,70,tributary,
720.5,hydrogenDissolved_moll,1998-08-10,1999-06-09,3,tributary,
720.5,phosphorusTotal_mgl,1998-08-10,1999-06-09,3,tributary,
720.5,specificConductance_uScm,1998-08-10,1999-06-09,3,tributary,
720.5,turbidity_NTU,1998-08-10,1999-06-09,3,tributary,
728,hydrogenDissolved_moll,1999-03-22,1999-03-22,1,tributary,
728,phosphorusTotal_mgl,1999-03-22,1999-03-22,1,tributary,
728,specificConductance_uScm,1999-03-22,1999-03-22,1,tributary,
728,turbidity_NTU,1999-03-22,1999-03-22,1,tributary,
729,hydrogenDissolved_moll,1998-02-25,1999-03-22,2,tributary,
729,phosphorusTotal_mgl,1998-02-25,1999-03-22,2,tributary,
729,specificConductance_uScm,1998-02-25,1999-03-22,2,tributary,
729,turbidity_NTU,1998-02-25,1999-03-22,2,tributary,
730,hydrogenDissolved_moll,1994-04-06,2000-08-29,63,tributary,
730,phosphorusTotal_mgl,1994-04-06,2000-08-29,61,tributary,
730,specificConductance_uScm,1994-04-06,2000-08-29,63,tributary,
730,turbidity_NTU,1994-04-06,2000-08-29,63,tributary,
731,hydrogenDissolved_moll,1998-03-17,1998-04-15,4,tributary,
731,phosphorusTotal_mgl,1998-03-17,1998-08-10,5,tributary,
731,specificConductance_uScm,1998-03-17,1998-08-10,5,tributary,
731,turbidity_NTU,1998-03-17,1998-08-10,5,tributary,
740,hydrogenDissolved_moll,1986-07-03,2004-05-11,117,tributary,
740,phosphorusTotal_mgl,1986-07-03,2004-05-11,123,tributary,
740,specificConductance_uScm,1986-07-03,2004-05-11,124,tributary,
740,turbidity_NTU,1992-06-30,2003-05-14,93,tributary,
750,chloride_mgl,2020-05-27,2022-09-26,14,tributary,
750,color_PCU,2022-06-29,2022-09-26,4,tributary,
750,hydrogenDissolved_moll,2004-06-09,2022-09-26,89,tributary,
750,phosphorusTotal_mgl,2004-06-09,2022-09-26,90,tributary,
750,specificConductance_uScm,2004-06-09,2022-09-26,89,tributary,
750,turbidity_NTU,2004-06-09,2022-09-26,89,tributary,
760,chloride_mgl,2020-03-16,2022-09-26,18,tributary,
760,color_PCU,2022-06-29,2022-09-26,4,tributary,
760,hydrogenDissolved_moll,1992-06-30,2022-09-26,188,tributary,
760,phosphorusTotal_mgl,1992-06-30,2022-09-26,198,tributary,
760,specificConductance_uScm,1992-06-30,2022-09-26,200,tributary,
760,turbidity_NTU,1992-06-30,2022-09-26,192,tributary,
788,chloride_mgl,2020-03-16,2022-09-26,12,tributary,
788,color_PCU,2022-06-21,2022-09-26,5,tributary,
788,hydrogenDissolved_moll,1993-04-27,2022-09-26,141,tributary,
788,phosphorusTotal_mgl,1993-04-27,2022-09-26,157,tributary,
788,specificConductance_uScm,1993-04-27,2022-09-26,153,tributary,
788,turbidity_NTU,1994-04-06,2022-09-26,149,tributary,
790,alkalinity_mglCaCO3,1993-04-27,1993-04-27,1,tributary,
790,chloride_mgl,2020-03-16,2022-09-26,11,tributary,
790,color_PCU,2022-06-21,2022-09-26,5,tributary,
790,hydrogenDissolved_moll,1986-07-03,2022-09-26,195,tributary,
790,phosphorusTotal_mgl,1986-07-03,2022-09-26,225,tributary,
790,specificConductance_uScm,1986-07-03,2022-09-26,213,tributary,
790,turbidity_NTU,1993-03-26,2022-09-26,177,tributary,
790.1,hydrogenDissolved_moll,1993-04-27,1994-05-03,12,tributary,
790.1,phosphorusTotal_mgl,1993-03-30,1994-05-03,14,tributary,
790.1,specificConductance_uScm,1993-03-30,1994-05-03,13,tributary,
790.1,turbidity_NTU,1993-03-30,1994-05-03,12,tributary,
790.2,chloride_mgl,2020-05-27,2021-09-29,9,tributary,
790.2,hydrogenDissolved_moll,1999-09-30,2021-09-29,121,tributary,
790.2,phosphorusTotal_mgl,1999-09-30,2021-09-29,134,tributary,
790.2,specificConductance_uScm,1999-09-30,2021-09-29,136,tributary,
790.2,turbidity_NTU,1999-09-30,2021-09-29,135,tributary,
790.4,chloride_mgl,2020-05-27,2022-09-27,15,tributary,
790.4,color_PCU,2022-05-24,2022-09-27,5,tributary,
790.4,hydrogenDissolved_moll,1999-09-30,2022-09-27,133,tributary,
790.4,phosphorusTotal_mgl,1999-09-30,2022-09-27,148,tributary,
790.4,specificConductance_uScm,1999-09-30,2022-09-27,150,tributary,
790.4,turbidity_NTU,1999-09-30,2022-09-27,149,tributary,
790.7,hydrogenDissolved_moll,1999-10-20,2000-10-10,12,tributary,
790.7,phosphorusTotal_mgl,1999-10-20,2001-07-10,14,tributary,
790.7,specificConductance_uScm,1999-10-20,2001-07-10,14,tributary,
790.7,turbidity_NTU,1999-10-20,2001-07-10,14,tributary,
791,hydrogenDissolved_moll,1995-05-17,1995-11-17,2,tributary,
791,phosphorusTotal_mgl,1995-05-17,1995-11-17,2,tributary,
791,specificConductance_uScm,1995-05-17,1995-11-17,2,tributary,
791,turbidity_NTU,1995-05-17,1995-11-17,2,tributary,
792,hydrogenDissolved_moll,1995-06-20,1999-04-05,6,tributary,
792,phosphorusTotal_mgl,1995-06-20,1999-04-05,6,tributary,
792,specificConductance_uScm,1995-06-20,1999-04-05,6,tributary,
792,turbidity_NTU,1995-06-20,1999-04-05,5,tributary,
794,hydrogenDissolved_moll,1999-03-18,1999-04-05,4,tributary,
794,phosphorusTotal_mgl,1999-03-18,1999-04-05,4,tributary,
794,specificConductance_uScm,1999-03-18,1999-04-05,4,tributary,
794,turbidity_NTU,1999-03-18,1999-04-05,4,tributary,
80,alkalinity_mglCaCO3,1993-05-25,2000-10-01,44,lake,cove
80,chloride_mgl,2020-06-15,2020-06-15,1,lake,cove
80,chlorophyll_a_ugl,1993-05-25,2022-07-11,125,lake,cove
80,hydrogenDissolved_moll,1993-05-25,2022-07-11,125,lake,cove
80,phosphorusTotal_mgl,1993-05-25,2022-07-11,127,lake,cove
80,secchiDepth_m,1993-05-25,2022-07-11,125,lake,cove
80,specificConductance_uScm,1993-05-25,2022-07-11,126,lake,cove
80,turbidity_NTU,1993-05-25,2022-07-11,125,lake,cove
800,alkalinity_mglCaCO3,1993-04-27,1993-05-16,2,tributary,
800,chloride_mgl,2020-03-16,2022-09-25,18,tributary,
800,color_PCU,2022-06-20,2022-09-25,4,tributary,
800,hydrogenDissolved_moll,1988-09-07,2022-09-25,239,tributary,
800,phosphorusTotal_mgl,1988-09-07,2022-09-25,270,tributary,
800,specificConductance_uScm,1988-09-07,2022-09-25,260,tributary,
800,turbidity_NTU,1993-05-16,2022-09-25,235,tributary,
800.1,hydrogenDissolved_moll,1994-08-10,1994-08-10,1,tributary,
800.1,phosphorusTotal_mgl,1994-08-10,1994-08-10,1,tributary,
800.1,specificConductance_uScm,1994-08-10,1994-08-10,1,tributary,
800.1,turbidity_NTU,1994-08-10,1994-08-10,1,tributary,
800.3,hydrogenDissolved_moll,1993-10-24,1994-04-07,2,tributary,
800.3,phosphorusTotal_mgl,1993-10-24,1994-04-07,2,tributary,
800.3,specificConductance_uScm,1993-10-24,1994-04-07,2,tributary,
800.3,turbidity_NTU,1993-10-24,1994-04-07,2,tributary,
800.5,chloride_mgl,2020-05-27,2022-09-27,15,tributary,
800.5,color_PCU,2022-05-24,2022-09-27,4,tributary,
800.5,hydrogenDissolved_moll,2000-02-29,2022-09-27,124,tributary,
800.5,phosphorusTotal_mgl,2000-02-29,2022-09-27,139,tributary,
800.5,specificConductance_uScm,2000-02-29,2022-09-27,139,tributary,
800.5,turbidity_NTU,2000-02-29,2022-09-27,138,tributary,
800.6,hydrogenDissolved_moll,1999-10-20,1999-10-20,1,tributary,
800.6,phosphorusTotal_mgl,1999-10-20,1999-10-20,1,tributary,
800.6,specificConductance_uScm,1999-10-20,1999-10-20,1,tributary,
800.6,turbidity_NTU,1999-10-20,1999-10-20,1,tributary,
800.8,chloride_mgl,2020-05-27,2021-09-29,9,tributary,
800.8,hydrogenDissolved_moll,1999-10-20,2021-09-29,112,tributary,
800.8,phosphorusTotal_mgl,1999-10-20,2021-09-29,127,tributary,
800.8,specificConductance_uScm,1999-10-20,2021-09-29,127,tributary,
800.8,turbidity_NTU,1999-10-20,2021-09-29,126,tributary,
805,alkalinity_mglCaCO3,1993-04-27,1993-05-30,3,tributary,
805,chloride_mgl,2020-03-16,2022-09-25,14,tributary,
805,color_PCU,2022-06-20,2022-09-25,4,tributary,
805,hydrogenDissolved_moll,1986-07-03,2022-09-25,223,tributary,
805,phosphorusTotal_mgl,1986-07-03,2022-09-25,264,tributary,
805,specificConductance_uScm,1986-07-03,2022-09-25,244,tributary,
805,turbidity_NTU,1993-05-16,2022-09-25,206,tributary,
805.1,hydrogenDissolved_moll,1994-08-10,2005-09-12,2,tributary,
805.1,phosphorusTotal_mgl,1994-08-10,2005-09-12,2,tributary,
805.1,specificConductance_uScm,1994-08-10,2005-09-12,2,tributary,
805.1,turbidity_NTU,1994-08-10,2005-09-12,2,tributary,
805.2,hydrogenDissolved_moll,1994-05-10,1994-05-10,1,tributary,
805.2,phosphorusTotal_mgl,1994-05-10,1994-05-10,1,tributary,
805.2,specificConductance_uScm,1994-05-10,1994-05-10,1,tributary,
805.2,turbidity_NTU,1994-05-10,1994-05-10,1,tributary,
805.3,hydrogenDissolved_moll,1993-10-24,1993-10-24,1,tributary,
805.3,phosphorusTotal_mgl,1993-10-24,1993-10-24,1,tributary,
805.3,specificConductance_uScm,1993-10-24,1993-10-24,1,tributary,
805.3,turbidity_NTU,1993-10-24,1993-10-24,1,tributary,
806,hydrogenDissolved_moll,1995-03-22,1998-04-08,4,tributary,
806,phosphorusTotal_mgl,1995-03-22,1998-04-08,4,tributary,
806,specificConductance_uScm,1995-03-22,1998-04-08,4,tributary,
806,turbidity_NTU,1995-03-22,1998-04-08,4,tributary,
830,alkalinity_mglCaCO3,1993-04-27,1993-04-27,1,tributary,
830,chloride_mgl,2020-03-16,2022-09-26,19,tributary,
830,color_PCU,2022-06-21,2022-09-26,4,tributary,
830,hydrogenDissolved_moll,1989-03-16,2022-09-26,238,tributary,
830,phosphorusTotal_mgl,1989-03-16,2022-09-26,277,tributary,
830,specificConductance_uScm,1989-03-16,2022-09-26,268,tributary,
830,turbidity_NTU,1993-03-30,2022-09-26,241,tributary,
830.1,hydrogenDissolved_moll,2000-08-01,2000-08-01,1,tributary,
830.1,phosphorusTotal_mgl,2000-08-01,2000-09-15,2,tributary,
830.1,specificConductance_uScm,2000-08-01,2000-09-15,2,tributary,
830.1,turbidity_NTU,2000-08-01,2000-09-15,2,tributary,
830.15,chloride_mgl,2020-06-30,2021-09-28,5,tributary,
830.15,hydrogenDissolved_moll,2001-06-13,2021-09-28,75,tributary,
830.15,phosphorusTotal_mgl,2001-06-11,2021-09-28,78,tributary,
830.15,specificConductance_uScm,2001-06-11,2021-09-28,78,tributary,
830.15,turbidity_NTU,2001-06-11,2021-09-28,76,tributary,
830.2,hydrogenDissolved_moll,1996-04-14,2016-06-07,58,tributary,
830.2,phosphorusTotal_mgl,1996-04-14,2016-06-07,64,tributary,
830.2,specificConductance_uScm,1996-04-14,2016-06-07,64,tributary,
830.2,turbidity_NTU,1996-04-14,2016-06-07,63,tributary,
830.3,chloride_mgl,2022-05-31,2022-05-31,1,tributary,
830.3,hydrogenDissolved_moll,1993-07-07,2022-05-31,14,tributary,
830.3,phosphorusTotal_mgl,1993-07-07,2022-05-31,14,tributary,
830.3,specificConductance_uScm,1993-07-07,2022-05-31,15,tributary,
830.3,turbidity_NTU,1993-07-07,2022-05-31,15,tributary,
830.7,hydrogenDissolved_moll,1993-08-18,2001-10-01,8,tributary,
830.7,phosphorusTotal_mgl,1993-08-18,2001-10-01,7,tributary,
830.7,specificConductance_uScm,1993-08-18,2001-10-01,8,tributary,
830.7,turbidity_NTU,1993-08-18,2001-10-01,8,tributary,
835,chloride_mgl,2020-03-16,2022-09-26,17,tributary,
835,color_PCU,2022-06-21,2022-09-26,4,tributary,
835,hydrogenDissolved_moll,1986-07-03,2022-09-26,225,tributary,
835,phosphorusTotal_mgl,1986-07-03,2022-09-26,259,tributary,
835,specificConductance_uScm,1986-07-03,2022-09-26,251,tributary,
835,turbidity_NTU,1993-03-30,2022-09-26,215,tributary,
835.1,phosphorusTotal_mgl,1997-04-18,1997-04-18,1,tributary,
835.1,specificConductance_uScm,1997-04-18,1997-04-18,1,tributary,
835.1,turbidity_NTU,1997-04-18,1997-04-18,1,tributary,
835.15,hydrogenDissolved_moll,2004-07-12,2004-08-02,2,tributary,
835.15,phosphorusTotal_mgl,2004-07-12,2004-08-02,2,tributary,
835.15,specificConductance_uScm,2004-07-12,2004-08-02,2,tributary,
835.15,turbidity_NTU,2004-07-12,2004-08-02,2,tributary,
835.2,hydrogenDissolved_moll,1993-07-28,2004-08-02,11,tributary,
835.2,phosphorusTotal_mgl,1993-07-28,2004-08-02,10,tributary,
835.2,specificConductance_uScm,1993-07-28,2004-08-02,11,tributary,
835.2,turbidity_NTU,1993-07-28,2004-08-02,11,tributary,
835.3,phosphorusTotal_mgl,1993-08-04,1993-08-04,1,tributary,
835.3,specificConductance_uScm,1993-08-04,1993-08-04,1,tributary,
835.3,turbidity_NTU,1993-08-04,1993-08-04,1,tributary,
835.4,hydrogenDissolved_moll,1993-07-07,1993-09-22,10,tributary,
835.4,phosphorusTotal_mgl,1993-07-07,1993-10-03,10,tributary,
835.4,specificConductance_uScm,1993-07-07,1993-10-03,11,tributary,
835.4,turbidity_NTU,1993-07-07,1993-10-03,11,tributary,
850,hydrogenDissolved_moll,2021-08-24,2021-08-24,1,tributary,
850,phosphorusTotal_mgl,2021-08-24,2021-08-24,1,tributary,
850,specificConductance_uScm,2021-08-24,2021-08-24,1,tributary,
850,turbidity_NTU,2021-08-24,2021-08-24,1,tributary,
90,alkalinity_mglCaCO3,1993-05-25,2000-10-01,45,lake,cove
90,chloride_mgl,2020-06-15,2021-06-08,3,lake,cove
90,chlorophyll_a_ugl,1986-07-03,2022-09-20,193,lake,cove
90,hydrogenDissolved_moll,1986-07-03,2022-09-20,161,lake,cove
90,phosphorusTotal_mgl,1986-07-03,2022-09-20,161,lake,cove
90,secchiDepth_m,1986-07-03,2022-09-20,193,lake,cove
90,specificConductance_uScm,1986-07-03,2022-09-20,159,lake,cove
90,turbidity_NTU,1993-05-25,2022-09-20,135,lake,cove
999,oxygenDissolvedPercentOfSaturation_pct,2016-05-31,2017-06-20,6,tributary,
999,oxygenDissolved_mgl,2016-05-31,2017-06-20,6,tributary,
999,waterTemperature_degC,2016-05-31,2017-06-20,6,tributary,
